{
  "trainingLoss": {
    "epochs": [
      1,
      2,
      3,
      4,
      5,
      6,
      7,
      8,
      9,
      10,
      11,
      12,
      13,
      14,
      15,
      16,
      17,
      18,
      19,
      20,
      21,
      22,
      23,
      24,
      25,
      26,
      27,
      28,
      29,
      30,
      31,
      32,
      33,
      34,
      35,
      36,
      37,
      38,
      39,
      40,
      41,
      42,
      43,
      44,
      45,
      46,
      47,
      48,
      49,
      50,
      51,
      52,
      53,
      54,
      55,
      56,
      57,
      58,
      59,
      60
    ],
    "AdamW": [
      1.365281,
      0.939725,
      0.771024,
      0.67566,
      0.609976,
      0.554615,
      0.520847,
      0.481522,
      0.454247,
      0.42365,
      0.401042,
      0.374145,
      0.353848,
      0.326907,
      0.315699,
      0.297149,
      0.278171,
      0.263269,
      0.247109,
      0.235855,
      0.217927,
      0.20897,
      0.194448,
      0.180945,
      0.17122,
      0.159106,
      0.146448,
      0.138794,
      0.131458,
      0.121448,
      0.111904,
      0.106666,
      0.098151,
      0.091723,
      0.083964,
      0.076508,
      0.069547,
      0.061183,
      0.060555,
      0.053558,
      0.047966,
      0.045547,
      0.038505,
      0.039357,
      0.033333,
      0.029644,
      0.026869,
      0.025402,
      0.021967,
      0.021293,
      0.018865,
      0.018448,
      0.01727,
      0.016103,
      0.015235,
      0.014802,
      0.013541,
      0.013923,
      0.014662,
      0.01328
    ],
    "Muon": [
      1.351966,
      0.915191,
      0.746053,
      0.657979,
      0.588722,
      0.537646,
      0.500597,
      0.461798,
      0.436496,
      0.406469,
      0.383509,
      0.357974,
      0.337265,
      0.313654,
      0.29771,
      0.282918,
      0.263621,
      0.249867,
      0.235344,
      0.222958,
      0.208345,
      0.195708,
      0.18343,
      0.171346,
      0.160908,
      0.146872,
      0.139065,
      0.130593,
      0.1216,
      0.112203,
      0.10519,
      0.101233,
      0.089121,
      0.08431,
      0.076729,
      0.070195,
      0.063201,
      0.060321,
      0.054267,
      0.04925,
      0.043229,
      0.043276,
      0.037823,
      0.033138,
      0.03272,
      0.028758,
      0.024191,
      0.022619,
      0.021772,
      0.019675,
      0.0178,
      0.015831,
      0.01562,
      0.014971,
      0.013999,
      0.012936,
      0.011743,
      0.013789,
      0.014026,
      0.012365
    ],
    "Falcon": [
      1.361631,
      0.939668,
      0.77368,
      0.679656,
      0.61048,
      0.558507,
      0.518843,
      0.482003,
      0.448231,
      0.421643,
      0.394813,
      0.374343,
      0.349648,
      0.329004,
      0.310105,
      0.295611,
      0.27583,
      0.264381,
      0.242,
      0.233714,
      0.222472,
      0.206801,
      0.195113,
      0.183331,
      0.169044,
      0.158388,
      0.146115,
      0.13933,
      0.132989,
      0.119551,
      0.113732,
      0.10563,
      0.097318,
      0.090173,
      0.083367,
      0.077804,
      0.066118,
      0.066553,
      0.061628,
      0.051662,
      0.047678,
      0.046908,
      0.043702,
      0.038207,
      0.035264,
      0.032998,
      0.028327,
      0.027895,
      0.022623,
      0.023704,
      0.020404,
      0.019416,
      0.019723,
      0.017546,
      0.016809,
      0.015677,
      0.016775,
      0.015642,
      0.01519,
      0.015786
    ]
  },
  "validationAccuracy": {
    "epochs": [
      1,
      2,
      3,
      4,
      5,
      6,
      7,
      8,
      9,
      10,
      11,
      12,
      13,
      14,
      15,
      16,
      17,
      18,
      19,
      20,
      21,
      22,
      23,
      24,
      25,
      26,
      27,
      28,
      29,
      30,
      31,
      32,
      33,
      34,
      35,
      36,
      37,
      38,
      39,
      40,
      41,
      42,
      43,
      44,
      45,
      46,
      47,
      48,
      49,
      50,
      51,
      52,
      53,
      54,
      55,
      56,
      57,
      58,
      59,
      60
    ],
    "AdamW": [
      0.5836,
      0.6121,
      0.7463,
      0.7312000000000001,
      0.7484999999999999,
      0.8024,
      0.8259000000000001,
      0.8197,
      0.8203,
      0.8379000000000001,
      0.8245,
      0.8395,
      0.8377,
      0.8314,
      0.8558,
      0.8408,
      0.8477,
      0.8634000000000001,
      0.8691,
      0.8736,
      0.8721,
      0.8697,
      0.873,
      0.8721,
      0.8819,
      0.8802,
      0.8792,
      0.8723000000000001,
      0.8756,
      0.8862000000000001,
      0.8786,
      0.8875,
      0.8826999999999999,
      0.8870999999999999,
      0.8903,
      0.8826999999999999,
      0.8914,
      0.8883,
      0.8946999999999999,
      0.8925,
      0.8962,
      0.8944,
      0.8952,
      0.8948,
      0.8991,
      0.8970999999999999,
      0.9,
      0.8976999999999999,
      0.9005,
      0.899,
      0.8983,
      0.9012,
      0.9006000000000001,
      0.9013,
      0.902,
      0.9022,
      0.9028,
      0.9017000000000001,
      0.902,
      0.9011
    ],
    "Muon": [
      0.5977,
      0.691,
      0.7611,
      0.7587,
      0.7945,
      0.8155,
      0.8173999999999999,
      0.8194,
      0.8240000000000001,
      0.8306,
      0.8301999999999999,
      0.8323,
      0.8511,
      0.8388,
      0.8491,
      0.8523999999999999,
      0.8656999999999999,
      0.8678,
      0.8736,
      0.8615,
      0.8690000000000001,
      0.8604,
      0.8517,
      0.8774,
      0.8833,
      0.8756,
      0.8876000000000001,
      0.8773000000000001,
      0.8663,
      0.8885,
      0.8844,
      0.8917,
      0.8878,
      0.8887,
      0.8878,
      0.8956999999999999,
      0.8935,
      0.8891,
      0.8913,
      0.8928,
      0.8901,
      0.8964,
      0.8946999999999999,
      0.8985,
      0.8995000000000001,
      0.8995000000000001,
      0.8976000000000001,
      0.9009999999999999,
      0.9024,
      0.9014,
      0.9024,
      0.9015000000000001,
      0.9039,
      0.9036,
      0.9048999999999999,
      0.9048,
      0.9047,
      0.9036,
      0.9035,
      0.9037000000000001
    ],
    "Falcon": [
      0.596,
      0.6801,
      0.7609,
      0.7417,
      0.7844,
      0.8162999999999999,
      0.7839,
      0.8048000000000001,
      0.8106,
      0.8147,
      0.8157,
      0.8422,
      0.818,
      0.8484999999999999,
      0.8539,
      0.8586,
      0.848,
      0.8612000000000001,
      0.8649,
      0.8702,
      0.8698999999999999,
      0.8665999999999999,
      0.8742,
      0.8656,
      0.875,
      0.8704000000000001,
      0.8818,
      0.8820999999999999,
      0.8832,
      0.8872,
      0.8779,
      0.8826,
      0.8894,
      0.8886,
      0.8851,
      0.8858,
      0.8908,
      0.8881,
      0.8935,
      0.8942,
      0.8948999999999999,
      0.8953,
      0.8969,
      0.8972,
      0.9001,
      0.9018999999999999,
      0.8983,
      0.9013,
      0.9,
      0.9017000000000001,
      0.8998,
      0.8998999999999999,
      0.9013,
      0.9022,
      0.9022,
      0.9011,
      0.9014,
      0.9017000000000001,
      0.9033,
      0.9023
    ]
  },
  "retainFraction": {
    "epochs": [
      0,
      24,
      48,
      72,
      96,
      120,
      144,
      168,
      192,
      216,
      236
    ],
    "values": [
      0.95,
      0.905,
      0.86,
      0.815,
      0.77,
      0.725,
      0.68,
      0.635,
      0.59,
      0.545,
      0.5
    ]
  },
  "interleavingPeriod": {
    "epochs": [
      0,
      24,
      48,
      72,
      96,
      120,
      144,
      168,
      192,
      216,
      236
    ],
    "values": [
      4,
      4,
      4,
      4,
      4,
      3,
      3,
      3,
      2,
      2,
      1
    ]
  },
  "epochTimes": {
    "AdamW": 4.8,
    "Muon": 5.3,
    "Falcon": 6.7
  },